user_id,comment
@GeraldCooney,"anehnya pecinta sound horeg, kalau pake genre musik lain selain koplo mereka merasa terganggu"
@Supersonicec,"maaf kak, acara sound horeg itu juga melalui jalur hukum yg sah, mengurus perizinan dari tingkat RT sampe polres, mulai pucuk Sampek akar¬≤nya, kalau di bilang SDM rendah kurang cocok sih! lagian suara yg dihasilkan rata¬≤ 110db di masih batas aman, dan rental pun juga punya SOP. Yang membuat budek itu frekuensi tinggi ya, melebihi 20.000 hz atau 150db keatas. Dan yg di namakan horeg' = getaran' ialah suara frekuensi rendah yg dihasilkan oleh subwoofer.
Subwoofer sendiri menghasilkan frekuensi rendah 25hz sampai 75hz dan desibel yg di hasilkan pun 75db sampai 80db, yang membuat suara sampai 110db ialah 'line array' speaker yg menghasilkan frekuensi tinggi, speaker Yang menghasilkan suara seperti contoh: vokal, trompet dll. Yah pokoknya melody frekuensi tinggi lah..
jadi horeg itu tidak seperti yang orang¬≤ bayangkan, yg katanya bikin budek, bikin ini, itulah, apalah. Kalau ngomongin SDM ya liat aja peralatan sound horeg itu sendiri gimana cara kerjanya
SDM rendah itu sebenarnya, orang yg kebelet hate komen tanpa tau fakta dilapangan! Liat aja komentar para netizen si paling SDM dari cara penyampaiannya aja udah keliatan, dari balas komen, atau bahkan rasis bawa¬≤ suku.
 dan terlihat dari banyaknya hujatan jadi tau kenapa kok Indonesia ini sdmnya dikatakan rendah
Ingat sound horeg adalah ekonomi kreatif yg bisa memutar roda perekonomian warga, terdapat ribuan UMKM yg berputar roda perekonomiannya di 1 acara ini.

Baca yg teliti jgn minim literasi!
ngomongin soal keganggu ya pasti ada, tapi ini acara bukan tiap hari dan tidak ilegal mereka menggelar acara ini 100% legal dan sudah lewat jalur prosedur hukum yg sah.
Kalau ngomongin soal hukum 100% anda salah.
Menghakimi harus mendengarkan aspirasi dan berbagai sudut pandang banyak pihak, dan itu di jadiin satu di saring, di pertimbangkan lagi, contoh dari sektor ekonomi saja 1 kali event, itu berapa ratus juta atau bahkan milyaran uang yg berputar mulai kang parkir, rental sound, tranport. salon kecantikan, rental kostum, rental lighting, fotografer, vidio shooting, para konten kreator, dan para pedagang mulai penjual makanan, minuman,mainan anak, dan bahkan penjual kaos, topi dll bahka ""maaf sebelumnya"" pemulung pun juga ikut merasakan dampak positif dari acara ini.
SDM tinggi itu sangat kritis tidak memandang dari 1sisi sudut pandang atau bahkan cuma lihat dari potongan vidio
Btw konten kreator kek gini kok banyak yg subscribe sih?

Lho tu konten kreator bre..
Lho gak boleh lihat dari 1 sudut pandang
Kalau mengkaji langsung dilokasi bro...
90% dari kegiatan ini itu positif

Hmmm dari sini keliatan sdm stevenyoung
Pasti iq 78 juga

SDM rendah biasanya males baca segini panjangnya"
@throttlebrah,"Seharusnya setiap content creator yg fokus ke reaction bikin konten¬≤ serius gini jg supaya orang tau kalau content creator ini bukan org ""konyol"""
@NATARoam,"Pro: kalo digunakan di tempat lapang
Kontra: kalau digunakan di jalan kampung"
@hisyamarif156,"Gua sesuka apapun sama suatu lagu, gua selalu mendengarkan pake headset. Mau itu lagu yg lg trending, mau itu lagu sejuta umat, gua tetep pake headset. Karena gua mikir selera lagu orang-orang beda-beda, gua khawatir kalo gua nantinya ngeganggu orang lain."
@mk_reall,"Betul ini mah, di desaku yang kemaren sama kepdes dilarang malah kepdesnya setiap hari kena hujatan + kata2 pedas sama pemuda2. Dengan alibi pemuda mau kompak tidak didukung pemerintahan blablabla wkwk. Lucu sih emang haha. Tapi jujurli sebagai orang yang jarang dirumah dan dirumah hanya ingin tidur dan istirahat jadi terganggu ."
@antodwi2796,"Aku jowo Yo Ndak gedugo, opo maneh wayah ulan romadhon, jam 00.00 der sampe imsak ,"
@yohanes2559,"Sound horeg emg kebanyakan dari Jawa timur tapi itu bukan tradisi org Jawa timur itu aslinya tradisi org Madura, karna org Madura banyak yg menetap di Jatim ya jadi begitu, org asli Jatim sendiri gk suka tradisi sound horeg malah gk ikutan"
@Daff228,"Sejujurnya aku masih bingung harus pro atau kontra, aku paham betapa mengganggunya sound horeg ini, tapi di lain sisi aku juga paham keseruannya dengerin musik dengan volume tinggi, menurutku harus ada regulasi dari pemerintah baik pusat maupun daerah yang ngatur soal sound horeg ini, contohnya kaya ""ada daerah khusus buat sound horeg lewat, gak boleh lewat di jam jam dan di hari hari tertentu, pembatasan volume musik, dll"""
@ÏóêÎπàÏïÑÎÇúÎã§,pernah sekali lewat pas acara sound2 gini tuh. mobil brio aja yg dalem sampe getar saking kekencengan. trus jantung tuh kaya sakit jedag jedug banget gtu sumpah. gak ada untungnya
@ebiy_katsu,"Apakah musik2 yg dimainkan bisa dikategorikan sebagai ""budaya"" negara kita?
Apakah intensitas suaranya beneran bisa dinikmati secara normal..?
Gitu aja si..."
@vandivx,"wah kalo saya yg tinggal di bandung keliatan na di pihak yg gk suka berisik dan akan terganggu kalo ada yg kayak gini, kelurahan dkt rumah aja udah malam sekitar jam 8an berisik musik keras2 saya tegur minta dikecilin.. kalo siang mungkin msh toleransi (kecuali ada orang sakit pasti komplain) tp kalo udah malam waktunya orang kerja istirahat di rumah tiba2 ada yg pasang musik outdoor keras2 lsg saya komplain.. ngerti mereka mungkin sambil ngumpul butuh musik buat hiburan tp kan cukup didengar ama mereka aja gk mesti hrs se rw kebisingan.."
@farghietazakka5696,Ya sound horeg si ga masalah ya kalau di tempatkan di tempat yg bener kek tengah lapangan yg luas yg jauh dr rumah warga.. kalau di pakai saat di jalan apalagi lewat rumah warga mengganggu meresahkan warga.. apalagi sampai merusak merusak.. illfeel gw
@berotakbaruberontak,"awas bang, hati2, ntar diserang penikmat horeg. Kayak konten gw yg diserang ama mereka "
@rjvmvss,"Saya jelasin ya mas. Bisa kamu sematkan komentar ini!

Sound horeg itu lahir sekitar tahun 2016 hingga saat ini. Karena saya orang Jawatimur. Dan gak semena mena ada sound horeg tanpa ada yang mengundang. Sound horeg itu ada karena ada yang suka. 

Acara karnaval horeg juga diadakan oleh warga setempat, musyawarah, pembahasan tentang kerusakan yang akan ditimbulkan, orang yang lagi sakit, atau bayi. Nanti akan dibuat peraturan suara tentang hal itu. Jadi, sound horeg ini bukan oknum lagi, tapi memang dari banyak kalangan yang menyetujui adanya karnaval ini. 


Pernah didesaku kumpulan, ternyata gak jadi karena jalan nasional. Dan para warga juga banyak yang gak setuju. Maka ditiadakanlah acaranya. Kalau mereka setuju, ya lanjut.

Mungkin sekian mas stevanyoung yang terhormat. Kami para pelaku rental sound juga mengikuti apa permintaan penyewa. Jadi kami gak semena mena untuk langsung menyetel musik dengan keras tanpa persetujuan. 

Untuk masalah kerusakan, semua ditanggung panitia, kadang yang nyewa sound mengganti kerusakan itu. Terus untuk bayi yang meninggal karena acara itu, kebanyakan ikut ortunya untuk melihat sound horeg. Misal desa A mengadakan karnaval, warga desa B ada yang melihat dan bawa bayi. Gua saksi kok. Banyak banget yang kauqk gitu.

Jadi acara kayak gini sudah ditentukan tempatnya, sesuai dengan perjanjian. Gua juga risih kok kalau mereka tiba tiba ceksound horeg tanpa ada acara apa apa. Terimakasih  mohon disematkan agar masyarakat banyak yang paham dan tidak menelaah mentah mentah!"
@cahyaprayoga0475,gw jawa tapi alhamdulillah komplek gw ga pernah ada horeg
@JuraganBatik,"BELIAU INI SEDANG UJI NYALI. 
Sebentar lagi channel ini akan penuh dengan kata-kata mutiara dari SANG PENDUKUNG sonsisteemmbudek."
@syifaassyifa3429,"Jujur saya orang jawa dan anak yang tidak senang dengan sound horeg, tapi bang Steven pernah liat nggak panitia sound horeg itu terkadang udh nyiapin uang untuk kerusakan¬≤ yang terjadi.... Vidionya ada dan udh di jelasin sama panitia penyelenggara dan ketua dari sound horegnya"
@kuterakatsuki6857,"Coba mas liat youtuber ini @DotCo
Dari jakarta lngsung ke malang. Untuk membuktikan pada suka atau tidak warga sana. Bukan cuma katanya katanya.
Dan abang orang jawa timur kan.
Coba kalo mau bikin konten tentang sound horeg. Terjun langsung tanya penyewa atau bos yng punya sound.
Jangan katanya katanya aja lah. Saya tunggu konten anda tentang sound horeg dari pihak yg terkait disitu.
Trimakasih"
@alfonsusenggarbramantyo381,gw orang jawa tapi malah ngak demen sama sound horeg 
@jorengespyur,"saya bbrpa waktu lalu komen di video volix media yg mengangkat isu ini. dan dari bbrpa balasan di komentar saya bisa saya simpulkan bahwa bbrpa balasan komentar mereka membenarkan ucapan netizen mengenai SDM. saya yakin tidak semua pecinta sound horeg itu barbar seperti segelintir orang yg ada di balasan komentar itu,. tp karna ulah mereka itu yg bikin netizen semakin percaya dengan hinaan mengenai SDM itu. ingat saya bilangnya segelintir orang bukan semua. pahami dulu konteks nya sebelum mengomentari, bijaklah dalam bersosial media,.."
@Imam.salatiga,"Lucu,padahal horeg cuma di lokasi tertentu dan lokasinya sudah di sepakati bersama ,tapi yg repot yg nonton lewat sosmed "
@Harisgaming12345,"7:23 jujur sebagai penonton lu yang dari Malaysia,Gw ga abis pikir bisa ada ""budaya"" kayak sound horeg ini
Gw kalo lewat meme tentang nih topik,pasti ""Apaan dah di sukai sama sound horeg?Bass gitu daripada laguLu mau denger Suara kenceng rame2,sana sama orang yang sepemikiran""
Kalo hobi mahal,kenapa gak tanggungjawab kalo ada kerusakan sekitar?(kalo ada yang ganti rugi,gw respect)"
@ccayyie,"gua jatim, sound horeg gini perna dipasang pas di depan rumah gua karna saat itu ada acara buat agustusan. jujur gua keganggu bgt sama suaranya, malem malem jam 11 sampe jam 3 dinyalain terus sampe telinga gua sakit. komplain ke rt malah rt nya ga ngedengerin cuma bilang maaf' doang. yang gua heranin ko bisa ada orang yang ""demen"" sama sound horeg gini. saran gua si kalo punya hobby yg bener dan jangan yg ngerugiin orang lain."
@w-ch99,"dibilang ekonomi menengah kebawah si kaga soalnya per rt sewa sampai -+ 60jt, perdesa bisa sampai 300jt++ untuk semalem, yg menengah kebawah kupingnya"
@NevNevershine,"Ada tetangga putar musik keras aja ga betah, tapi masih dimaklumi selama masih di batas wajar, tapi kalo udah kelewatan ya beda cerita."
@ekosunarya7766,"Sok nge dj, taunya cuma lagu benny benassi sama koplo "
@ayeshaegha0201,"Saya asli orang malang dan malang jadi barometer/pusatnya sound horeg. Sound horeg di malang diadakan di tempat karnaval/penyewa sound yang panjang rute nya hanya kisaran 1-4 km saja, dengan adanya acara sound horeg juga menggerakkan roda umkm serta ekonomi lokal dan bila sound horeg diidentikkan dengan sdm rendah mungkin kurang tepat karena mereka pegiat sound (owner dan penyewa,penonton) banyak dari kalangan mampu, berpendidikan dan punya banyak uang karena sekali sewa kisaran 20-50 juta dan nilai sound dr pemilik sound bisa miliaran rupiah. Memang ada stigma/sisi negatif dan itu tidak bisa dipungkiri tetapi semua elemen yang terlibat sudah mengerti resiko dan dampaknya jika terjadi kerusakan panitia juga pasti lgsg memperbaiki dan biasanya memang tidak diekspos. Segala sesuatu ada plus minusnya jadi nikmati saja dan jika tidak suka tidak perlu mencela apalagi membawa soal SDM atau suku"
@twokaizer2452,Mereka dikatain SDM rendah aja bangga 
@rerimuhammad,"Sound Horeg ini saya pernah dengar entah di 2022 atau 2023, dan 2024 menjadi titik puncak dalam hal ini. Ini sering saya lihat beritanya sampai bla bla bla, dan pernah mengalami beberapa sampai keingat kalau dilihat dari segi fisika. Kalau dilihat, bagian ini masuk ke efek doppler di mana ada pergerakan antara frekuensi deteksi dan frekuensi sumber, dan kalau diperhatikan ada beberapa bagian di mana sound horeg memiliki suara dengan desible atau hertz tinggi, bahkan sampai agak bingung bagaimana menjelaskannya. Sisanya merenung akan hal ini dan kurang lebih begitu"
@ajimiswaji,"banyak yg miss inponya , langsung terjun ke malang wawancara cek cas cus , ojok modal potongan video media mental sosmed iku lek"
@yoogsa,"Selama tau tempat dan waktu sebenarnya ga masalah. Nah masalahnya adalah ""Mereka"" tidak memperhatikan keadaan di sekitarnya"
@gozeropro,"Jadi konsentrasinya sederhana sih, cukup pada premis ""Menangah Kebawah"" aja udah."
@Pedot_Del_Del,Konten baru.... Liat langsung aja... Yg kegangu juga siapa.. Yg nyewa orang daerah itu sendiri tapi yg keganggu orang kota atau daerah lain... .. Hahaha... Kocak lu bang....
@magneto5146,Saya uasssli warga jatim Cuk!!! Jatim tulen Rek!!! Saya berharap sound horeg menjadi budaya indonesia yg harus d lestarikan Rek!!!! Klo perlu sampai ke manca negara d planet ini Cuk!
@HiDreyy,"HOREG = GEMPA/BERGUNCANG ini bisa jadi acuan baru untuk para kontraktor kususnya drafter teknik sipil untuk menguji kekuatan struktur bangunan jadi ga perlu lagi AutoCAD, Sap2000, HEC-RAS, ETabs dan Plaxis. Mungkin suatu saat akan muncul software baru untuk dunia konstruksi yaitu HOREG menarikk ang ang ang ang"
@ihsanjoe,Makin lama makin kaya RC rc itu. Ray** Ch**
@riyalfaisalgaming4586,Kebabasanmu di batasi oleh kebabasan orang lain.  Simple padahall
@rohandiren9931,"Tidak mengerti dimana letak ""enak didengarnya"" dan ""Kenapa harus bawa keliling? Simulasi gempa?"". Mudah-mudahan gak ada kek gitu di Kalimantan, cukup sound system buat konser dan acara-acara nikahan doang gak usah pakai truck keliling"
@ahmadraffa9733,Selain donatur dilarang mengatur 
@AlfinMeyasa,Aslinya sound horeg gak salah sih kalau diputar di luar pemukiman atau jauh dari pemukiman seperti di sawah atau di lahan yang jauh dari warga gitu aja
@adebangunprakoso7915,"Oke gas... Oke gas... 



Lah malah bahas politik "
@bachtiarfarid9751,"Oh iya , kakakku rumahnya di malang , dia sendiri bilang tiap ngundang sound gini per KK diminta sumbangan minim 1jt , kalo gak mau 100% dikucilin , padahal dia sendiri gak suka nonton tapi dipaksa IUran buat hal gak jelas"
@Kliwon4,Terserah si soalnya kesukaan orang beda¬≤ tapi minimal cari tempat yg gak bikin orang keganggu gitu
@rasyaaditiya2401,Saya peicnta sound clarity . Sql adalah segalanga 
@themusic8605,memang harus ada relokasi karnaval sound hoereg seperti di buatkan jalan khusus yang jauh dari perumahan dan harus ada peran pemerintah di dalamnya
@alit5472,"pernah denger dan lihat video orang horeg ngasi tau harga dan pendanaan buat sekali ngehoreg ampe berpuluh beratus berjuta juta buat sekali tampil.. dan mirisnya dia bilang masyarakat suka jika horeg tersebut bikin rusak rumah dan fasilitas umum.. trus ada pas bagian penjelasan asal lagu dan musik dari horeg ini, yang biaya ""NGEDIT nyatuin lagu jadi panjang (yg nyomot dari yutub) dan NGEBASS BOOSTING ampe rata kanan ampe jebol jebol"" bisa ampe 2 juta sampe 10 juta... ""GILAK"" gw selaku tamatan anak IT dan tau seluk beluk pereditan duniawi, merasa IRI dan DENGKI dengan penghasilan KANG EDIT musik horeg ini.. modal nyomot nyatuin + rata kanan ngebass doang dah ngalahin GAJI gw 5 bulan... sekali lagi ""GILAKkkkkkk"""
@URIB_ANIMATION,"Sumpah kenapa harus ada parade sound horeg, dah cukup merusak telinga tapi jangan merusak rumah/fasilitas umum, jika tak muat berarti panitianya pinter karena soundnya gak bisa lewat"
@bramantyodarmawan,"Intinya kita semua tau, seperti apa kualitas orang2 yang suka sound horeq, sudah pasti orang dengan kualitas RENDAHAN. Karena sejatinya hobi orang kelas atas tidak akan mengganggu orang lain."
@BlackNWhite8,Siapa yang membiarkan Koh Stevan memasak sebelum GTA 6 
@febriwirayanto6173,"klo gw yg tinggal disekitar sound horeg, percayalah, g butuh waktu lama soud horeg itu pada rusak, pada bubar,    mereka aja bisa ngerusakin rumah orang, fasilitas umum yg mengganggu mereka, knpa kita g bisa juga lakuin hal yg sama, mereka juga kan mengganggu"
@ÏóêÎπàÏïÑÎÇúÎã§,yg asli surabaya mana demen dngerin sound horek? wkwkwkw yg suka begituan tuh biasanya org blasteran atau imigran
@batonsafarikukuh,Sebenarnya soundhoreg itu udah ada sejak tahun 80an tp di kampung2jawa tengah cuma dulu masih pake aki krn waktu itu belum ada listrik. Mmg klw dulu mmg dicari sewa suara paling kencang
@arifhidayat5271,"Hati¬≤ bang, TNM kemaren bikin konten sound horeg banyak yang marah"
@wjm.official.account,"saya warga jatim daerah madiun, emang ada yg namanya sound horeg, tapi gak semua nya sesuka hati ketika cek sound, jombang ke barat yg punya sound system entah mau cek sound atau gimana mereka juga berpikir supaya tidak mengganggu masyarakat, contoh nya di kediri, ada owner pembuat box custom plus speaker, ketika sound mereka jadi atau selesai perakitan, mereka akan mencari tempat yg lapang jauh dari pemukiman penduduk yakni di sawah atau lapangan luas untuk cek sound, jadi jangan disamakan semua ya dek ya, terutama yg suka bilang sdm rendah, emangnya yg ngaku sdm tinggi udah ngapain aja buat negeri ini?"
@bachtiarfarid9751,"Yg paling parah di banyak daerah acara gini pas adzan pun suara tetep dikencengin , lewat depan masjid pas ada orang sholat pun tetep gak dipelanin , Parah"
@agriansyahq.b850,"Saya gak suka Sound Horeg sih, tapi tolong ntar kalo Bahrain maen ke Indonesia tolong banget ini mah, tolong maenin Sound Horeg nya di depan Hotel Bahrain, kalo perlu 100 Truck maenin tuh Sound Horeg. Hehehe"
@dokumentasi0135,"lumayan keren sih analisis datanya, pake literatur dari jurnal pula, lanjut kuliah lagi bang"
@Ken.Chanel,Anda kebiasaan hidup di kota yang tidak kenal budaya gotong royong guyup rukun antar masyarakat atau tetangga...
@roisrosidhin9391,"Yg dilewati sound itu penyewa sendiri,udah ada persetujuan daerah setempat.bukan langsung tiba¬≤ bunyi . panitia sudah mempersiapkan. Berita nya aja yg gk jelas....Ô∏è"
@alfonsusenggarbramantyo381,"pas lewat gw pengen bilang ""semoga tu spiker konslet"""
@HIDAYAT-eo3hy,Banyak yang salah paham tentang sese orang
@gath-g6r,"gara""  bgmnya jd kerasa lg nonton tmm .
teruskan bang bikin video"" gini"
@ridhobaihaqi144,"Horeg eksis. AC-130 USAF: ""40 mm is ready!"""
@bagus15alfandi29,Vidio serius gini kasih seminggu 1-2 kali bang
@simonaries5782,"Blh aja ada sound horeg tp hrus dinyalakan di lapangan luas dan jauh dr pemukiman biar tdk mengganggu masyarakat di rmh terutama balita, org lanjut usia, org sakit, anak sekolah di kampung."
@ravencronwell409,Kalo sahur pake aja sound horeg
@kevinhidayat5991,Alhamdulillahnya desa saya jika karnaval 17 Agustus jarang yang namanya pawai sound horeg karena kage kami tau apa yang warganya rasakan
@frashthetriangle610,Gue sih netral aja.Sound Horeg  Gak begitu masalah selama Tempatnya tepat.Kalo Ngomongin SDM Rendah atau SDM Tinggi.Citayem Fashion Week dulu juga Mirip-mirip sama Sound horeg yang sekarang
@Zxyel,"Kakak saya punya sound horeg tapi gk digunain gini buat kerja sampingan aja kadang dibuat acara kayak sholawatan, nikahan, tahlilan, dll."
@XUGAG,bang sini main ke malang selatan ( kabupaten malang) surga nya sound horeggg. 
@MediHendra47,Coba klian bgtu d kalimantan hancur tu sound camkan itu
@toxicman7964,"ibuk gwa stroke , dan tempat start tiap karnaval pasti depn rumah gwa pas , terus gwa harus gimana ya trima nasib aja, dan sound horeg itu pasti bersiapnya -1 hari sebelum karnaval udah baris di depan rumah blum saat test sound , tambah lagi kemarin pas 17 agustus ternyata karnavalnya mulainya jam abis magrib tapi dari siang udah pada nyala soundnya , mungkin orang2 yang nonton pada suka soalnya mereka nonton cuma beberapa jam aja .cuma minta doanya aja semoga ibuk gwa cepet sehat"
@orangbaik3154,otak gue masih belum terbiasa liat lu srius bang :D
@banksat30,"Intinya harus diregulasi..kalau udah ada regulasi yg jelas tp panitia + penyewanya masih ngeyel, suruh ngadain di tengah laut selatan aja biar pesta sama nyi roro kidul sekalian"
@paomaddhen6205,Mayan.. Sound jadi konten.   chuan..
@PemburuHoregPandaan,"kalok masalah soal ngerusak atau membongkar apapun itu, supaya sound systemnya bisa lewat,, itu pasti diganti panitianya yang sewa soundnya yang membokar atau mengganti kaca yang pecah tau genteng yang berjatuhan pasti diganti panitia.."
@hkariono3164,"SOUND HOREG INI SUARA DAN GETARANNYA TERLALU KERAS, RADIASINYA BISA BIKIN KOPYOR ISI KEPALA, TOLONG DIMAKLUMI KALAU ORANG2 INI SULIT DIAJAK KOMUNIKASI"
@IRAKAS_Channel,PADAHAL KALAU DIPIKIR2 BUDAYA DISCOUTIC DENGAN PROFESIONAL SOUND AUDIONYA JUGA KALAU DIUKUR PAKAI ALAT DB METER JUGA MELEBIHI KAPASITAS PENDENGARAN DALAM SUATU RUANGAN TAPI MEREKA JUGA ASIK2 AJA KAN... JUSTRU KALAU TIDAK KENCANG MALAH KURANG.... MEMANFAATKAN POTONGAN VIDIO SOUND HOREG DEMI ADSENCE....  YOUTUBER GAK MODAL
@hiraimomos9009,"tiap orang punya hobi yang berbeda, jadi jangan memaksakan orang agar punya hobi yang sama. Apalagi hobi itu sampai merugikan kita dengan hobi kalian yang menurutnya aman2 ajah, itu salah satu murni ketololan"
@Begaljemuran,keren kak stevan young konten kek gini
@arjunafarm6563,Kemarin kamar jery sekarang siapa lagi ini 
@muhammadimamtaufiqimam7653,"setuju lur, aku darjo anti sound horeg, masio bapakku nduwe sewan sound system"
@AnggaSptraa-ch6dh,Dengan banyak nya yang tidak suka dan ngehujat tidak akan ngaruh kepada hiburan sound horeg buat warga jatim kususnya dimalang karena dengan persetujuan masyarakatnya panita dan surat izin yang jelas dengan kesepakatan yang sudah ditandatangani banyak pihak sound horeg akan tetap berjalan tanpa meperdulikan orang orang yang tidak suka karena sound horeg sudah ada sejak 2016 sampai sekarang
@rizkione9918,Yg nyinyir datang langsung saja agar tahu sebenarnya di lapangan
@novanoplekklewangvlog8761,"Wes ta mas-mas seng do udur, ya lak sakiki dikandani alus jare kesenggol mending pikiren lak sak walik'e ae kro posisi wong2 seng kontra wi ngopo kok pnggh gak demen? Wes ta mas ""berkaca jauh lebih baik sebelum berkata""."
@faizsanjaya2601,BENCI PENGERAS SUARA YANG TERLALU KERAS
@umibozu4251,"Saya orang trenggalek jatim, yah kabupaten pesisir kecil lah kalo kalian nggak tau. Dan saya sadar bgt ketidak sukaan orang diluar jawa terhadap trend2 orang2 jatim misal kayak sound horeg, jaranan yg ada kesurupan2 aneh2, atau perilaku2 norak atau bisa dibilang sangat kampungan dan mencerminkan sdm rendah, saya paham bgt keresahan itu karena saya pun juga risih, miris, dan se tidak suka itu pada hal2 kayak gitu. 

Tapi percayalah kalian orang2 non jawa, yg suka memukul rata kalo orang jawa pasti kayak gitu, yg suka nyela2 dikit2 jatim, dikit2 jawa, apa2 ngomong jawa yg jadi sasaran, saya percaya 100% kualitas kalian nggak beda jauh dengan yg kalian cela, cuman beda tipe aja"
@Ryz829,"bawa ke ultras festival, pasti dibilang kurang nampol bass nya"
@gendukherex8908,"Mas young mohon maaf kalau mau buat konten seperti ini tolong di dalami sedalam dalamnya biar tidak ada miss seperti anda bilang kalau sound horeg keliling sesuka mereka, TIDAK. sound horeg itu disewa oleh masyarakat satu desa itu disewa per RT dan sudah di setujui oleh masyarakat penyewa tersebut dan lembaga desa. Nggk mungkin sound horeg keliling se enaknya walaupun hobi. Tolong di perjelas stetmen anda mas young dalami cari beberapa sumber langsung dari owner sound sound tersebut, ada di youtube banyak kok biar tidak ada lagi yang salah faham yang belum tau. Dan sukses buat mas young lanjutin kontennya dan kedepannya semoga di dalami dulu mas"
@yans619,"Jadi Inget kata pepatah: makin pintar seseorang makin pendiam & peka terhadap sekitar.
Jadi kalo suaranya separah itu artinya apa?"
@EmiSenseiArt,"Musik latar yang di guanain, malah keinget Chanel Jean dari ""TNM"""
@didikfauzi3973,Cek langsung ke lapangan mas biar gak gagal paham
@MONSTERS-x3d,"Berisik si terganggu, muncul waktu pawai 17-an di tempat ku, waktu bulan Agustus. Dan itu mengganggu pendengaran si, besar banget suaranya, dri jauh aj dh kedengaran jarak puluhan meter apalagi dekat ny, saingan sound hajatan. Sound hajatan berjalan itu. Semoga ad tindakan tegas untuk mengatasi sound horeg ini"
@ShionMegumi,"alhamdulillah nya di daerah saya msh bebas dari para perusuh, tp coba aja main sound horeg dsni, siapa tau ada mandau terbang ntar woakaowkwwowk"
@Pensi_anjay,"Bang mau tanya, maaf sebelumnya bukanya gw lancang atau GK memperhatikan vidionya atau pertanyaan gw gak nyambung sama vedionya, cuman mau tanya sound efek vidio ini judulnya apa?"
@arysetyawan4110,"sound system not supposed to moving around, Kill THISS TRENDS"
@qodjakanauval9917,"Gw ga suka yg serius bg, gw suka yg lucu2. Hidup gw udah cukup serius. "
@ZxZs-zuy87,"dri pda cuma liat dari media sosial, mending kita terjun lngsung ke lokasi dan bertanya lngsung ke pelaku'' sound horeg ini, dan bertanya ke masyarakat yang ad di sna, biar jls kebenarannya, sya sndiri jga penasarn karna isu'' yg beredan..."
@blok5298,Nyenggol bisnis milyaran hati¬≤ bang lu di bicarain di grup¬≤ perhoregan
@fiveszee,"mau dibilangin kayak apa pecinta sound horeg tuh susah dibilangin
dikasih tau yang benerr malah diserang"
@Ilyas-ty6cy,Cosplay jadi bang Ferry lagi lol.
@kangtroll496,mengangu karna bukan di tempatnya malah keliling di mana penduduk padat
@abangteror7109,"Sound horeq masih ada sisi positifnya bg, contoh buat ngusir VENOM"
@Brandalpopiez11,Nyatanya sound horeg di sewa di bali...apakah bali juga termasuk sdm rendah??
@AsepMustofaIkhwanulJamil,"Wahai pemerintah, gak ada niatan bikin undang-undang perkara polusi suara kah? masa unggas ayam gampang banget dibikinnya
tapi yang perkara kayak gini gak diurus, merusak rumah, bangunan, kendaraan orang lain loh...
*Perkara merusak jembatan aja, kalo enggak viral, GW YAKIN GAK BAKALAN DITINDAK ITU..."
@gaspolll826,"BANG ADMIN JGN HERAN ,, SUDAH KODRAT NYA YG NMANYA MANUSIA ITU MAU NYA REBUTAN BENER , ( TPI BENER NYA SENDIRI)   BAHKAN PENGAJIAN PUN DI DAERAH JATIM JUGA RUTIN NMUN TIDAK HARUS DI PUBLIKASIKAN KRNA IBADAH URUSAN DAPUR ,    MAAG BANG YG MERASA BER SDM TINGGI DAN KALANGAN MNENGAH KE ATAS , SERTA YG MERASA HIDUP DI PINGGIRAN KOTA , COBA  APKAH KALIAN MAMPU MENGADAKAN ACARA SOUND SPERTI DI JATIM SCARA RUTIN DAN TANPA JEDA DI STIAP KCAMATAN ??? ASAL TAHU AJA SOUND KONSER DUNIA PUN JUGA BNYAK YG ALAT SERTA KOMPONEN NYA SAMA DI PAKAI SOUND DI JATIM ,,  MAAF BANG NATIZEN KBANYAKAN RECEH DAN MUDAH DI DOKTRIN MEMBENCI DAN MENCELA , INGAYLT LAH MYORITAS ORNG INDONESIA MYORITAS MUDAH TRBWA ANGIN TIBA2 BAWA2 SUKU, YG PDHAL SNGAT SENSITIF , DAN BISA MNJADI PROPAGANDA MEDSOS ,  BANG STIAP ACARA SPRTI ITU SUDAH DI MUSYAWARAH NYA MISLKAN ADA ORNG SAKIT DAN BAYI , BISA TAHU DIRI BGAIMNA BISA AMAN ? DAN ANEH NYA NATIZEN GK TIBA2 MNCELA SUATU ACARA YG PDAHAL MEREKA TIDAK TINHGAL BRDA DI AREA TRSEBUT , KAN ANEH ? "
@dikialfikriraRa,Cuma tau dari konten terus di konten datang langsung lebih baik 
@BudiSetiawan-c7u,Pro kalau kalian dengerin tuh horeg pakai headphone atau headset
@wargabarbar11,Lebih murah ke ibiza sih daripada nyewa sound horeg
@rohmanclintisan8072,"Ni bocah kek nya kemarin nyenggol alesan gara¬≤ g suka tetangga stell sound kenceng¬≤, sekarang senggol acara karnaval an beda konsep, nyari rame doang mas?klo gasuka¬≤ aja, ga usah ngoceh ,ganggu lu jg kaga"
@Bdxproject,KAMAR STEVEN YOUNG KAH WKWKWKWKW
@ariesgaming5296,"Yang nyewa warganya,tp yg disalahin sound horeg nya.KOCAK¬≤"
@Dany-wzk,"S7 sih, orang jawa itu Hama..
Gw sebagai orang jawa tulen juga merasakannya, karena pepatah jaman kolonial ""banyak anak, banyak rejeki"" orang jawa beranak mulu, ntar kalo nggak bisa ngasih makan nyalahin pemerintah, kalo gak ada kerjaan bertransmigrasi ke pulau lain, kasian yg punya pulau malah harus bersaing sama orang jawa, yg jelas dari dulu sektor pembangunan difokuskan ke Jawa"
@budTv-gt6tf,"Lah
Chapter nya satu doang. 
Gua nungguin chapter 2, 3, 4
Kesimpulan. 


Formatnya dah keren kang"
@arifincepok_9726,"Sejujurnya sond horeng kalo di daerah Jawa timur mungkin banyak yang meyukai. Mungkin mereka menyukainya karena di setiap saat mendengar sond horeng jadi secara tidak langsung Meraka sudah terbiasa mendengar dan  bagi mereka tidak mengganggu atau bahkan mungkin tidak legap kalo tidak mendengar horeg. Beda bagi orang lain yg mungkin hanya mendengar/melihat, lewat media sosial kalo terasa menggangu itu wajar."
@Nurcahyoireng,"Komentar template
""Mainmu kurang jauh""
""Sini main ke jatim"""
@amerania2793,"sound hereg kecil kemungkinan akan tampil di kota bisa pun sekali dua kali karna bla bla bla sedangkan kalau di wilayah kabupaten bisa setiap hari namun berpindah2 tempat perlu di katahui sound horeg itu di ( SEWA ) bukan karna keinginan pemilik rental sound itu sendiri dan sebagai besar PENYEWA ITU Kelompok bukan idividula cotoh satu desa ada 30 rt ya sound yg di daerah itu ada 30 satu rt satu sound jadi semua berdasarkan kesepakan warga dan masyarakat bukan individual ya emang susah sekali menjelaskan kepada orang"" yg belum pernah melihat secara langsung bagaimana proses nya di even2 Karnaval di kabupaten perlu di ketahui bahwa setiap even karnaval di desa perputaran ekonomi bisa di katakan menyentuh (M) pedagang umkm usaha mikro tranpotasi kuliner tukang rias fotografer tukang parkir dan masih banyak lain nya itu semua bergerak rodo ekonomi nya jalan tapi mau bagaimana lagi orang2 kota belum tau yg sebenar benar nya karna apa karna belum pernah melihat langsung bagaimana dinamika nya apa saja positif negatif nya....kaji yotuber seperti ada tolong lihat langsung secara full baru ada berpendapat jangan mengambil cuplikan2 yg belum tentu kebenaran nya jadi datanglah secara langsung dan bikinlah resit baru anda bisa menyimpulkan dengan perspektif yg benar jadi tolong modal dikit jangan comot sana sini sangat tidak modal "
@alfonsusenggarbramantyo381,"dulu gw sering naik angkot yang ada spiker gede di belakang, gw sering duduk deket tu spiker mana full volumenya, bahkan gw pake headset volume full ngak ngaruh. "
@icebearchan5567,banyakin konten serius gini bang asselii
@suarakitasuarabersama,"mereka yang suka sudah di pastikan yang rumahnya tidak di lalui sound horeg...bagi warga masyarakat yang di lalui sound horeg mereka resah dan sangat terganggu...saya sendiri yang mengalaminya..tetapi kenapa sampai saat ini..pemerintah seakan tidak ada tindakan..salah satu contohnya yang ada di wilayah ""MALANG SELATAN""...parade ini..dimulai pagi menjelang siang..sampai pagi hari...bahkan selesai menjelang siangnya lagi ( 24 jam )...semoga dengan di bahas di chann mas steven ini..ada tindakan lebih tegas lagi."
@ZhankMoba3695,Sound Kesayangan SDM Jatim
@GalGhil,ferry irwandi inspired bnget sih ini konsep nya. mantab.
@A8humanity,"sound horeg itu berjalan karena di sewa masyarakat, di bunyikan di tempat penyewa di arak keliling kampung bersama masyarakat yang nyewa,kalaupun ada kerusakan yang ganti rugi juga penyewa tapi yang ribut protes orang luar daerah / orang yang cuma liat di sosmed sudah  merasa si paling di rugikan  kalaupun ada warga gak suka kalo mayoritan warga suka atas kesepakatan bersama yang minoritas ya ngalah dulu toh sound horeg ga mungkin berhenti di depan rumahmu sampek 24 jam mungkin hitungan menit "
@chanwalk6774,"Gw suka horeg tapi kyk aneh aja bro, yang kebanyakan komplain itu orang yang bukan dari desa situ yang ngadain acara, tapi dari kota lain yang suaranya gk nyampe sana, dan lagi kalo memang banyak yang gk suka, gk mungkin tiap bulan ada acaranya, saya sih heran yang di bahas fasilitas umu dirusak padahal banyak klarifikasi di ganti panitia1000%, ayolah brok sama"" jawa timur pasti tau lah POSITIF nya, membuka lapangan pekerjaan crew, pedagang umkm dll, ayolah cari positifnya juga kita ada acara sholawatan/santunan anak yatim sumbang sound 
Cmon man..."
@JohanKce,"Saya asli lumajang jawa timur....
Kita disini senang2 saja....
Cuman kasihan saya sama kamu...mainmu kurang jau brow ngakak "
@mjun4343,yg suka sound horeg coba telinganya pasang 2 sound horeg disebelahnya telinganya
@agnosticperson9583,Apakah pecinta horeg itu telinganya BUDEG? 
@botpogo2085,"ini gw baru debat sama penggemar anomali ini di salah satu video youtube yang bahas masalah ini, udah gw kasih contoh gmna kalo misalnya keluarga lu ada yang sakit atau ada yang rumahnya rusak gara gara sound horeg ini, dan percaya gk percaya ya lebih dari 20 orang yang bales komen gw kebanyakan pada bilang kalo ada keluarga nya yang sakit terus ada sound horeg orang yang sakitnya yang di pindahin sama kalo ada rumah yang rusak ya gak papa itu malah tandanya sound horegnya bagus, kan bangsat ya, kalo ada keluarga nya yang sakit masih bisa bisanya dukung horegnya, sama kalo rumah dia nya a rusak malah bangga kalo suara horegnya kenceng banget, jadi ya yang gw liat ini tuh jatuhnya udah bebal aja orang orangnya, udah paling bener di larang secara hukum"
@newrizki2365,bro mencoba menyampaikan dengan diplomatis supaya tidak diparani(lagi)
@AsepMustofaIkhwanulJamil,"1. Gw masih mencari-cari bukti nyata semua pengrusakan di ganti kerugiannya... Banyak loh video hancur/rusak, tapi video penggantiannya? Not Found, kemarin malah ada konten horeg, dengan bangganya ""Semakin merusak, semakin di Sawer"", kemarin waktu dijakarta ada loh video gedung kaca jadi retak-retak, ada ganti ruginya juga enggak itu?
2. kemarin-kemarin juga viral, JELAS-JELAS ADA TAHLILAN, eh si Horeg ini malah tetep Jalan sambil Joget2 (terus mau ditutupin sama video ada anak kecil pake tulisan ortu/nenek lagi sakit tolong kecilin.... PLEASE DAH ITU UDAH MALEM, WAKTU ISTIRAHAT DAN ELU MALAH NGE-GANGGU WARGA, bukannya sadar diri malah makin jadi
3. hal aneh lainnya, gw sodorin genre musik lainnya malah lu gak terima katanya mengganggu padahal suaranya cuman keluar dari speaker mini, bahkan HP, apalagi kalo bahasa inggris....
4."
@febryanbagas4721,Spongebob berulah. Modal wifi dah sok paling tau. Minimal turun di lapangan.
@SLEEPERSEVERYDAY,"Gw juga ngerasa ga enak gitu kalo ada sound Horeg lewat, karena gw lebih nyaman dnegan ketenangan."
@avinrohmansyah8339,"MAU DENGERIN SOUND HOREG IKU SEWA E MAHAL BOSS....BUKAN KLUAR RUMAH TINGGAL DENGERIN....ITU SOUND DI SEWA BOSS....GAK MURAH SEWA E.....HANYA MELURUSKAN.....
MENTAL SOSMED GAK TERJUN LANGSUNG LIAT GMANA SEBENERE NDK LAPANGAN MODAL VIDEO POTONGAN.....UDAH BUAT VIDEO GINI...."
@short-s3i,kenapa lagu nya son horek mesti dj alay alay sihh
@y_tom,"Ini budaya bos.


Ucap mereka"
@kurniawanup8033,"Gak mabok gak enak denger musik kenceng, dan bukanya itu termasuk pesta miras?, dan oknum yg ngamanin"
@faidahasanah7162,"Pencinta son horek,
 langsung disepam aja vidio nya."
@AlfinArdiansyah-bm5nv,Pnk jaman 2015 bolo genok hp sound horeq gk viral saiki titik viral gk pnk 
@Samsularifin-kd9gb,Coba anda terjun langsung ke lapangan even sound horeg boss qq wawancarai owner rentalnya anda akan paham disana
@bennyeka603,"gue jawa tapi gue ga suka dan benci banget sound horeg, mengganggu sekali, gue tinggal di perumahan jauh dr jalan umum, pas karnaval lewat jalan umum aja kedengaran sampe rumah geter2 kaca, apalagi deket jalan umum rumahnya, ga kebayang gue, ga jelas banget memang sound horeg ini apalagi dibarengi joget2 pantat kayak di tiktok gasuka banget anak kecil dilihatin goyang kayak gt bagaimana mau jadi Indonesia emas 2045 "
@ramandawalbariashar7014,"Penikmat Sound Horeg dengan segala sound system nya yang ditumpuk dan bass doang isinya : ""Ini budaya kami, hobby kami mahal !""

Penikmat Audiophile dengan Lossless music nya dan equipment Audio Ternamanya seperti Sennheiser, Audio Technica, Sony, AKG, Shure, Grado, Beyerdynamic + DAC AMP : ""Hmmm Ok terserah kalian aja deh"""
@bambangmbang9120,Hahahaha aku wong jowo malang asli. gua sebagai sound men cuman bisa ketawa aja dngan percakapan isinya Hahahha
@vikisetiawan4797,Mungkin tempatnya aja kek di lapangan terbuka gtu
@Kentutberdahak99,gua suka sekali bang apalagi kalo dibakar sekalian tuh speaker
@inisial_r.,Sampean turun wawancarai positifnya adanya sound horeg terus baru komentar itu baru 
@aldiputra3899,Wong Surabaya to bang Steven
@syaifudin2334,"Sebenarnya bukan budaya baru, saya kelahiran 90 sejak saya kecil di daerah kabupaten malang tepatnya rumah saya di kecamatan turen sound system horeg sudah di gunakan untuk mengiringi kegiatan karnaval. Cuma bedanya dulu belum ada sosial media."
@alawiahmadhamzofi4923,Bang suka banget serius begini lanjutkan
@robinjos9638,Monggo mas terjun langsung ke lapangan jangan asal bikin konten biar tau apa sebenarnya yang terjadi......
@dikckyuyeh90897,Jatim full SH   1.SH:Sound horeg 2.Sepeda herex 3.setia hati
@zuuuuii,"Gw menolak kalo ini di sebut budaya baru

Ini jelas polusi suara"
@EtiHendra,"Hobi kita emang SDM rendah,tapi  coba delok en sek cek gak nyocot"
@MusTakim-v7n,Sebelum Anda mengomentari sound horeg harus terjun langsung ke tempat nya biar tau sisi positif dari sound horeg
@AnasArafat-ue9rb,"Karena orang kota asli gk suka hiburan,,, tau kayak gini langsung bacot hahahah"
@Bibidanblack-s7,Sangat terganggu. Untung di Belitung gak ada kayak gini . Hama meresahkan
@IlhamSanin-zm7yk,horeg lebih kya vrindavan sih
@BrebesArifRomadhon2003,"Mendengarkan nya terasa risau untuk publik yang merasa terganggu dan bangga untuk yang mendengarkan nya sambil merasakan hiburan yang kurang di cintai secara keseluruhan , lakukan kan lah hal positif yang menciptakan kenyamanan di lingkungan publik dan itu sampai sekarang tak ada di Brebes , kekurangan nya pasti ada dalam mengaplikasikan nya , ini kesenangan dan hal yang wajar dari kesenangan adalah kenyamanan , gue juga pencinta musik dan musik itu bagian yang menemani kala berseruput dengan kopi , seperti itulah menikmati alunan musik tanpa harus menganggu orang lain "
@doniesaputra7018,Menurut gua soun horeg.. perlu di lestarikan dijakarta dan dikota kota lainya...
@UmarulBid,"Maaf bang ...
Begi bang sound horeg atau ouner sound horeg sebatas jasa dan disewa ...
Dan para soun horeg hanya mengikuti tuntutan"" Pasar khususnya di jawatimur ...
sekarang coba aku nanya bang ya KENAPA tidak penyewanya saja yang dikritik"
@widiardiansyah7209,"bang jangan kutangan dong, pake baju serius juga gitu"
@atomictypo,Saya orang Jawa dan saya tidak setuju adanya Sound Horeg.
@muklisinimam8329,"Edukasi ya yang saya rasa masih kurang,,, 
untuk terselenggara.a sebuah efent pastilah sudah melalui point2 berikut
1 panitia penyelenggara 
2 masyarakat yang akan mengadakan acara
3 anggaran dana iyuran
4 rute yang akan di lewati 
5 izin aparat desa dan kepolisian
 
 poin ini pasti sudah di pegang sejak jauh2 hari kalok point2 ini enggak ada tidak lah munkin bisa terselenggara.
Miris.a kalok di sosial media mereka ini malah di hujat dgn kata2 yg tidak mengenakan hati dengan kata2 komentar yang sering saya jumpai mengganggu masyarakat padahal ini acara masyarakat dan dari masyarakat untuk masyarakat."
@ahmadbeidowi7809,Biar konten nya rame mending ngundangsalah satu owner sound di jawa timur saran sih kalo brani
@m_inamaliudin2960,raine persis box paratel 
@maskunyuk9231,"Pasti ada orang yang gak seneng sih tapi apadaya kalau mereka bilang keberatan akan itu ...., 
pasti tidak akan ada yang denger sih soalnya suara bass-nya kenceng gitu "
@bangdyki9323,"Tergantung sing nyetel mas, nak sing nyetel bangsat ra duwe utek wi sound asu , tapi nak sing nyetel iso mikir aman wae mas..."
@ArdiansyahRans,"pernah beberapa tahun lalu hobi audio juga, tapi kalo gw yang portable walau cuma iem+dac dongle, kalo audio portable kan jelas yang dicari itu detail, resolusi, clarity, separasi, soundstage, low, mid, high, dll, nah pas tau ada sound horeg bingung gw, ini yang dicari apaan, itu semua yang gw sebutin sebelumnya busuk kalo di sound horeg, okelah katanya bass gede, memang gede, tapi itu pecah dan jelek gak ada kualitasnya sama sekali, kuantitas doang, kualitas audio yang lainnya juga hadehh, itu gak bisa dimasukin ke hobi audio sih, hobi ngerusak fasilitas umum sama kuping aja memang"
@ardisupri,"Modal mixcrofon karo singlet lor,.."
@mlbbnob859,"Aslinya sah sah aja parade sond horeg tp ditempat lapangan yg jauh dari perumahan bukan malah diarak diperumahan,,yg sering diarak perumhan cuman mau caper aja"
@novanoplekklewangvlog8761,"Saya domisili Jatim, suku Jawa tulen, saya pun salah 1 orang yang kontra dengan budaya2an ini."
@shakamaynie,"Jujur aja nih, kadang pas denger sound nya tuh kaya dada gua sakit banget langsung anjir. Reflek menjauh juga kadang."
@TigaTry,Solo terkeren
@Clan80462,So tau
@AriefSkalter,"Orang2 pada takut gempa, ini malah bikin gempa"
@truepoint8161,sound horeg kalau di mainkan di lapangan itu cocok tapi kalau lewat gang ya rusak lah rumah warga
@Hrrr24,"EFEK KEHABISAN KONTEN, NYENGGOL SOUND HOREG


GAK NYENGGOL GAK MAKAN"
@danyfery3196,CONTOH TU CHENEL DOTCO BARU JOSSSS..
@metalkecil3935,Harus nya genre metalcore
@nandaliem6597,Ga masalah asal di lapangan kek apa gimana yang penting tidak mengganggu
@muhamadhadi3294,Cie pingin viral kayak kamar jeri
@RamaKunNeko,Sound Horeg sama saja kayak Doger Monyet tapi dengan Speaker besar dan juga yang narinya Manusia
@MusTakim-v7n,Ku dukung sound horeg
@AnggaReza-c4m,Saran ya mas klo mau membahas tentang sound horeg alangkah baiknya kmu hrus temui nara sumbernya lngsung
@cubedot9228,Musik lebih memabukkan daripada alkohol
@mocubaidillahmansur19,"Wkwkwkw kalo cuma ambil data di medsos mah emang banyak yang bahas sisi negatif nya aja,soalnya banyak media¬≤ di indo cuma nyari views nya doang, coba aja kau datang langsung ke lokasi dan tau kalo disitu banyak umkm yang jalan"
@ZolaAnindirapramesti,"Banyak sebenernya yang harus di hujat gak terus tentang sound horeg banyak hal merugikan yang kalian biarkan dan memprotes hal yang sebenernya efek ke hidup lu juga gak banyak !!!!

Bahaya mana sound horeg sama pejabat dari tingkat desa - pusat yang merusak hak hak masyarakat 
Polisi"" korup yang bilamana mereka merugikan kalian , kalian cuma diam"
@dobelmusikgank,Bang coba langsung cek aja di lokasi acara karnaval horeg cari info secara langsung gua yakin pendapat lo akan berbeda lagi tentang sound horeg ini
@IRAWAN413,Pengen viral bang  datang saja ke tempat sound horeg biar paham abang..jangan cuman katanya katanya tok jangan liat di sosmed tok..klo ingin abang lebih pahm langsung datang ke pusatnya
@nurholis8842,Yang kocak lagi fansnya wkwkwk mereka sangat fanatik dan ber otak batu ... Dikasih nasehat sangat bebal awokawok pantes sih di sebut SDM RENDAH
@MR-DNMOTOVLOG,Kukira chanel sebeleh kalo gak liat vidio
@SCATTERR-d5k,Gak suka gausah di lihat di malang gak ada yang terganggu kecuali di luar kabupaten malang karena sound horeg tercipta di malang jadi warga kabupaten malang terbiasa
@genxercommunity,Mbokyo teko langsong nk lapangan cong. Ojo angger muni ae
@Horeg-s9u,"Contoh konten creator yg cuma nyomot vidio tapi tidak tau aslinya bagaimana . 
Contoh youtuber jakarta dgn nama chanelnya dot co yg lngsung terjun ke jatim buat lihat aslinya bagaimana 
jika tidak tahu mending diam"
@niki.shinten,"saya orang desa juga orang Jawa, coba aja itu sound horeg masuk desa saya, saya jamin pulang¬≤ udah jadi abu"
@dimassaputra5607,ITU DISEWA OLEH MASYARAKAT KLO GK DISEWA GK BAKAL KELUAR. YANG DILEWATI OLEH SOUND HOREG JUGA DI DESA YANG DI SEWA. RISET DULU BOS SEBELUM KOMEN.
@MasBree30,Saya orang JAWA (solo) dan saya merasa TERGANGGU
@PiaAgungenak,Alhamdulillah ngak tinggal di daerah itu
@larawaja,"Tebak provinsi dongg, hweheheh"
@MusTakim-v7n,Sebelum Anda mengomentari sound horeg harus terjun langsung ke tempat nya biar tau sisi positif dari sound horeg
@ahmadchannel5012,modal sosmed aja buat vidio looo coba buktikan kesini langsung brooo
@bendombois8706,8:53 setiap hari ?
@FrengkyAndeli,"admin gk tau fakta yang sebenarnya dilapangan sebaik amin channel terjun langsung biar anda paham sound horeg itu disewa warga satu desa satu kecamatan semua warga ikut iyuran untuk mengadakan acara sound horeg jika sound horeg ini merusak kenapa setiap bulan ada atau kecamatan yang berbondong"" menyewa sound horeg pakai logika sendiri jika  udah tau merusak ngapain warga sampai rela iyuran sampai puluhan hingga ratusan juta untuk mendatangkan sound horeg"
@aslanmukaddar1074,More Video Like This  I Like It
@shomhardyd.ishqal4776,Diiringi dengan pesilit pehesate
@LabibAbyan,Orang yg nyewa Sound udah mempersiapkan uang ganti bg kalo ada kerusakan dirumah warga
@Gading1104,50 orang tercepat 
@iwanbopeng876,Modal potongan video di dimedia udah sok lu
@WarijoBrc,Betawi...jakarta itu smua orang indonesia
@aliandoanam4014,"Gw tunggu pencinta sound horeg mampir d komen,pengen gw maki"
@atomictypo,0:55 Saya Setuju 
@ffiru_zgaming.230,Kata nya klo rumah orng bisa sampe ancur lebur saweranya makin gede kata nya...terus rumah yg rusak udah di bayar Kta nya bener ga sih...klo di liat dri video2 yg beredar dan liat ekspresi yg punya rumah ga kya gtu dah...klo emang udah di bayar rumah2 nya pasti ikhlas2 aj tu yg punya rumah...bener ga sih..mohon penjelasannya dong yg punya sound Kya gini
@reygaalfarizie,Numpang viral tach boss kok bahas sound horeg
@zulfikar5693,@Stevansyoung dulu sound horeg itu mulai ada tahun 2014 tapi kalo soal musik dj tapi gak kayak gini deh aku dulu pernah lihat di YouTube tapi gak seperti ini dulu.
@adityangawi6487,"petualang dan belajarnya kurang jauh makanya di anggap meresahkan dan tidak tahu tata cara perencanaan dari awal sampai akhir dan kurang 
Paham bahkan tidak paham sama sekali tata cara    system sound horeq bahkan orang malang punya komunitas bisa datang ke markas mahardika riswanda sama brewog audio tentang sound horeq"
@Zamartra637," Simulasi Sambut ""DAJJAL"" Datang Ke Indonesia Ô∏èüáÆüá©"
@rifki2043,Nyerang Timothy lagi biar viral bang
@ri2kygaming723,"saran q ya 
Untuk pencinta hobi Yang Gjls N mengganggu ini
Mending parade karnaval thn 2025 Pada beli earphone dengerin sendiri"" biar g ngegangu."
@brimob9605,Pendapatku jgn senggol2 acara sound2 di jawa timur ya bikin konten yg lain aja
@imtristan2021,Njir Mending Suruh Mereka Beli Headset Dengerin Sendiri Cuk
@OktaviaMiftah-p9w,Anjay ras lagi
@AzamuP24,"Aku suka lagu keras, lagunya keras banget. Tapi gwe gak ngajak orang-orang buat ngerusak telinga bareng2, gwe dengerin sendiri tu lagu biarin telinga gwe sendiri aja yang rusak. 

Ban ajalan Horeg dari indo, gak jelas banget"
@ARIEFROHMANEFENDI,Kediri hadir pak
@gendang898,Cek langsung ke lokasi karnaval.  Ntar juga tau faktanya
@DJNNrevolutionReal,"Tidak semua nya merusak nya begitu saja bang disini biasanya sudah di musyawarah kan bahwa penyewa atau panitia harus ganti rugi jika ada kerusakan 

Itu saja sih bang mungkin banyak yang suka dan tidak suka tp ini sudah ada kesepakatan antara pemilik sound dan juga penyewa"
@riskikikuk9370,"aku suka sound horeg yang model sebelum2019 kebawah tapi tidak untuk yang sekarang norak abis gk ada kreatifitasnya,kalo orang dulu harus membuat sendiri dan merakit sendiri lalu di adu sama yang lain,tapi sekarang tinggal beli barang A,B,C,...Z langsung jadiapakah itu yang dinamakan kreatifitas orang elektronik menurutku tidak"
@arifh6124,"sini main ke jatim biar tau dan paham ga hanya video sepotong2 ,kurang jauh mainmu bang"
@jivigourdha1164,"Kenapa bisa pro kontra, ya karena tidak sepaham, ada plus minus, kebanyakan yang dilihat minusnya aja. 
Gimana ya, saya suka2 aja, tapi jika ada orang lain gak suka ya saya biasa aja. 
Sound itu sewaan, jika di sewa sudah pasti yg nyewa juga suka, yg nyewa juga gak 1 orang saja, tapi mayoritas 1 desa, jalur yg digunakan juga di desa penyewa. 
Di samping itu, dengan ada nya banyak karnaval, sudah pasti mengundang banyak orang untuk nonton, dengan banyaknya yg nonton, UMKM lokal bisa dapat untung yg besar, ini poin yg paling bagus menurutku.
Ini cuma sudut pandang saya saja,"
@aangkusdiarta3188,"Harus di ingat ya  JAKARTA berdiri di atas pulau jawa  , jangan mudah bilang orang jawa timur jawa tengah dengan sebutan orang jawa  , ingat itu ya!!!!!!!!"
@wakandamlbb4918,"serius mau nanya,knapa sih daerah jatim dan jateng banyak bgt yg kelakuan nya aneh"" ,bahkan banyak kasus yg bikin geleng"" kepala"
@madejuli9349,"Untung saya di bali gak ada sound horeg ,"
@CucuKetuaSekteEmei,Kalo merusak jembatan itu kan udah diurus pihak panitia langsung diperbaiki. Aku gak suka sound horeg tapi aku benci juaga
@paguyuban_npc,Sound horeg pake headset
@mochandikwidianto854,"Menengah kebawah,  harga sewanya 50jt bos wkwk. Lu dugem habis brp semalam ?"
@rikoivan4,"Riset loo kurang bang, dan liat video hanya potongannya aja , 
Sebelum di adakannya acara sound horeg udah di musyawarakn oleh warga stempat , yg sewa masyarakat, yg dilewati kampung penyewa sendiri , balita dan orang sakit juga sudah di kondisikan , keeusakan fasilitas juga sudah ada pertanggung jawabannya , perizinan yg berwajib juga sudah, trus yg terganggu masyarakat mana, dan ini acara tahuan gk stiap hari , trus abang dari jawa timur mana,,,?"
@Pecelbalapaudio,"Sedikit info tentang horeg 
Sound horeg itu datangnya disewa bukan tiba¬≤ datang dibunyikan.
Penyewa itu kan ya daerah yang dilewati karnaval itu. Jadi sebelum diadakan karnaval itu pasti disepakati bersama dulu satu kampung itu. Disepakati bersama kalau oke ya kita akan karnaval, kalau nggak oke ya kita nggak karnaval.
Daerah yang di kelilingi karnaval itu sebenarnya udah oke semua. Kalau nggak oke itu pasti kita nggak ada acara karnaval
kita juga lihat kondisi juga mas kalau ada ruang rumah-rumah yang sempit itu terus ada anak kecil ya kita pelankan. Kita menyesuaikan lokasi nggak nggak setiap saat kenceng terus nggak
Hobi orang beda¬≤ kita harus menghargai hobi orang lain"
@houseprediction2834,Sound horeq tradisi orang mana sih bos?
@cippogrande862,08:22 setuju banget ..
@masbyock3734,penonton di jakarta membludak.apa ente tau mreka org mana.. omong doang.. ente terjun langsung ke owner sound system.. berani nggk
@mochandikwidianto854,"Monggo kalo.buat video tentang sound horeg minimal datang sendiri ke jawa timur, lihat sendiri seperti youtuber Dot Co ,  jangan bacot doang di youtube."
@morroco_egypt,sound horeg seharusnya di tiadakan.
@triharyatiningsih,"Gua juga orang Jawa tapi , juga keganggu sound horeg berisik banget , kuping ku rasa nya pengen budeg"
@xeniaxenia-w1l,Apakah Anda melihat Tikus?
@agoosSlibaw9306,"jawaaa jawaaa jawaaaaaa,
btw gue orng jawa,tapii gue juga udh muak denwgerr sound horeggg"
@cahmaguan1116,"SOUND HOREG SUDAH ADA SEJAK TAHUN 2015, TETAPI BARU VIRAL TAHUN 2022, KALIAN YANG BARU TAU GK USAH KEBANYAKAN BACOT"
@anasjylo7505,Pingin tenar
@sanssanjaya8740,hobi para primitif.
@mashendra2255,Mas coba turun langsung ke lapangan mas 
@nabilarukaruan,"emang jakarta itu bukan jawa ya 
kok banyak yg menyudutkan jawa para penduduk jakarta. sedangkan mereka menginjak dan hidup di tanah jawa.
gua cuman kurang setuju dengan olokan yang membawa nama jawa. bukan salah jawanya juga."
@golegend9436,Itu speakerman musuhnya skibidy toilet
@rahmaayu2413,Malang losss ....
@MusTakim-v7n,Sound horeg gk setiap hadir... sound horeg ada nya setiap tahun sekali
@MuseLikhun,"Segala sesuatu yg menggangu dan merusak, gk bakal suka lah"
@adamnur3075,Budaya asli jatim kan ya 
@yela2469,sound horeg selerane wong ndesoo
@adt2052,kirain sound horeg ada pas 17an doang
@diankurniawan87,Selamat berkat sound horeg view anda akan naik drastis..
@Emulation_Plugins,"Saya Asli Kediri Jawa Timur, dan Saya termasuk Orang yang kurang Menyukai Sound Horreg,  tapi saya pribadi gak terlalu masalah selama itu masih normal dan gak mengganggu saya dan Keluarga, toh juga gak setiap Hari. Alhamdulillah saya Pribadi gak ada Masalah sama Sound Horreg. saya gak suka Karena ya emang kurang  bisa menikmati aja."
@GuruNgaji9ustian,Stevan HD
@aammusrofa2003,"Serius nanya, enaknya son horek apa sih ?"
@whimaray3065,"Sound horeg ini gak papa. Asal tau tempat le. Bukan di gang atau di perkampungan. Kalo udah gitu, ganggu namanya "
@AnggaReza-c4m,Lucu lo klo mau bahas tentang sound horeg lngsung ke narasumber cok
@Clan80462,"Dirimu cari komen yg jelek"" aja,. Lapar lo ya"
@donridwan5770,Bang gua warge menengah gak terima gua suka sound horeg udh dibilangin itu cocok buat SDM RENDAH
@MAZDONCHANNEL,Hahay
@Akunmati291,"Gini ya mas sebenar nya malas juga aku ngomongin soal ini 
Jadi gini
1.sound horeg itu ada karena di sewa oleh warga sekitar jadi ketika ada warga yang terganggu ngapain mereka sewa sound horeg
2. Kerusakan yang di sebab kan oleh sound horeg itu sudah di ganti rugi oleh warga yang sewa sound tersebut 

Jujur saja media yang meyebarkan berita tetang sound horeg itu rata2 hoax karena mereka hanya meyomot vidio pendek lalu di beri narasi yang tidak sesuai di lokasi kejadian 
Jujur saja sound horeg di malang itu sudah memulih kan ekonomi di malang kusus nya daerah kabupaten 
Aku sendiri selaku crew dari salah satu rental audio di malang sangat terbantu soal ekonomi 
Banyak kawan2 dari bidang make up kawan2 usaha sablon usaha costum pedagang kaki5 tuakang parkir tukang lhigting bahkan pemulung pun merasakan dampak positif nya soal ekonomi 

Intinya sound horeg itu bukan asal2 an di pasang terus di bawa keliling ke kampung2 

1 . Mereka di sewa 
2. Mereka sudah ijin ke pihak keamanan 
3 .jika ada 1 warga yang tidak setuju mengadakan sound horeg maka acara tersebut tidak akan terlaksana"
@karispriss5587,"Selalu dan selalu salah penyebutan kata horeg
Cara penyebutan yang benar ""E"" seperti pada kata menang
Bukan seperti pada video diatas"
@delahelmania-mb5zm,serlok mas jawa timur mana... kalau karnapal itu musiman.. gak setiap hari ada karnapal
@chanel_anyar_official,"kenapa video yang diputar sing viral""  padahal udah ada klarifikasi dari penyelenggara ."
@WISNU_DISJOCKEY,Hadehh China berulah
@Sound_Balap_Indonesia.,"Gua aja gak setuju cuk, sekarang mah sudah Fomo banget apalagi banyak remaja yang mabuk,"
@dimassaputra5607,"Hiburan yg murah? 
Orang rela iuran 3jt per orang agar bisa sewa sound horeg lo. 
Klo untuk ke atlas atau diskotik sepele"
@ndsmu6225,"Dengan minimnya literasi.... lalu menganggap diri kita lebih baik dr orng lain....???



Apakah itu yg di maksud SDM TINGGI wahai manusia modern...???"
@calonlurah9087,"Kalopun diijinin kades nya,warganya yg nolak bisa apa pasti ga punya power ujung¬≤nya kalah ama sipaling horeg,kades mah dikasih duit juga acc tuh acara ga jelas"
@kesatriabatubara2064,kok cuma baca skrip dari chat gpt bang
@OtankGasstros-g5m,"Sy sih Suka Sound Hoereg tapi Musiknya lagu metal,bluess,Jazz,Rock bukan kayak Musik Sound Hoeregdan di lapangan aja lah jangan keliling kampung."
@wintermaple1818,Wah ini cuma vidio comot dan dari narasumber yg  kurang berimbang.... Alangkah baiknya turun langsung ke lokasi.tanya masyarakat yg di sekitar.. Tanya masyarakat yg terlibat lgsung bukan masyarakat  luar  ...
@farkhanfadil5487,Tapi katanya kerugian itu di ganti sama panitia bng?
@salamdsalam5226,"Ayok terus kita suarakan untuk menyadarkan sound horeg itu mengganggu, harus dikasih batasan, kalau tidak bisa2 100 subwoofer mereka bawa dalam karnaval, dibatasi dah maksimal 9 box isi 24 inchi single. Jangan bawa 30 box atau bahkan lebih"
@cakebot8198,Warga yang mana ini
@BuatTess,Ga cocok lu kalo serius 
@distaofficial,adminya cri2. Masalah ae jatim nie bos loss horegg smga sound horeg mkin jaya slmnya amin... Aq tanya ke admin kou dpat vidio itu mna jwab jgn diem nyenggol2 sound horeg pdhal sound horeg gc prnh nyenggol hobi/kesenangan org lain klo lu pngn tau brani gc dtang lngsung ke malang aq tunggu vidio mu asli dri kmu sndri jgn nyuri kmu itu cri masalah kmu ambil vidio yg negatif2 jh
@hanyachanelbiasa8357,"bang, link dc nya expired"
@andreasbudiraharja1641,"ga ada pronya , polusi suara doang"
@Rea-t2p,"Emg sih bikin sound 1 aaja bisa abis 1jt lebih ,tp ini berlebihan hobi ya hobi ga perlu di arak di jalan, lebih ke pamer. Semua orng emg suka musik tp cara nikmati beda2 kalo di puter kenceng ya jls ganggu banget ga semua orng terima sama musik yg lu puter"
@siutuh4650,Mudahan tidak masuk ke daerah gw aja sih
@ÏóêÎπàÏïÑÎÇúÎã§,gak ada yg suka sound horek sumpah. sound hoek iya
@Sunshinenicee,Jatim core 
@vends4555,Tangkap aja. Bubarin selesai. Mengganggu. perusak generasi
@maskoclok4100,"Asli mengganggu , "
@calonprogramer5106,Jowo 
@mohamadronisetiawan,konten pengen rame? nyenggol sound horeg solusinya
@1545390,"hobi sound horeg kek orang gila... yah gimana pun di negara ini, segala keburukan adalah kebenaran saking umumnya orang orang pada memaklumi keburukan.,"
@bidin0058,jawatimur rendah hati .lo hina lu bilang sdm rendah . terserah sond horeg tatap jaya
@5156joe,"konsepnya bagus bang, beragam ada yg serius, ada yg lucu..
tapi yg serius malah yg dibahas se receh sound horeg
bahas sesuatu yg agak gelap ato dalam jg bang..
ato peristiwa yg gak masuk akal jg bagus kok"
@shinryuki4275,Sound horeg tu budaya?
@Car3000itis,Percuma kawan2 kalian koar2 ke pecinta sound horeg. Mereka lebih tuli daripada orang yang tuli 
@gaspolll826,"DI JATIM BNYAk speak kwalitas sound konser yg orng kota idam kan , dan pasti stiap jari ada acara , buat kaLangan mnengah ke atas dan SDM tinggi serta orng pinggiran kota , APKAH KALIAN MAMPU SPERTI JATIM ???? "
@MisviaGemoy,halahhhh tai
@Fauzi.32321Kumiss,bang mscbreww halo bang
@reygaalfarizie,"Jangan asal bacot bang kalau belum tau di lokasi
Datang aja ke malang bos kalau ingin tau yang jelas"
@sumardidi637,Selera beda bang..
@Raja-z7t,"Kalo misalnya di tanah lapang iya lah gk ganggu masyarakat, lah ini di pemukiman warga kan bgsat"
@wkwkwkcuak,Aku suka sound horeg
@catanimator5546,Alo bg
@prfseriktalent7922,"Sebenernya ga ada masalah jika pelaksana'annya di lapangan ataupun tempat"" terbuka. Asal jangan di jalan"" kampung, sound lu ganggu kocak... kasian noh kalok ada yang sakit. Rumah"" pada pecah kaca'e. Cobak mikir kalok itu rumah dia mungkin juga gedeg ajg"
@Lirik_lag-h7q,Yang mau cari lagu mampir
@batonsafarikukuh,Jujur aja mmg sdm tinggi hiburannya di diskotik dan hotel2 berbintang smpe remang2 di villa dll belum lagi sabu narkoba dll
@renaldypalgunady5710,Mereka sangat menjijikan
@rifkirosyada8383,Sng di woco sng elek tok....sng apik ra di woco
@GenthoKilla-bf1jv,Gini amat pengen rame
@Baabul_Jannah-sdm,Apa gua ke 8?
@Fisa_real-w6d,"berkali2 dia mengatakan masyarakat menengah kebawah, lah dia ga tau kalo nyewa sound horeg bisa sampai 1-2juta perorang. belum lagi sewa kostum kaya di gondanglegi bisa mencapai 2jutaan"
@Baabul_Jannah-sdm,Apa gua ke 8?
@FathurRozi-yz2qm,yg mana yg terganggu pdahal warga sdiri yg mendatangkan sound horeg
@aliandoanam4014,Gw benci sound horeg
@KhoirurRozikin-xt3bl,Cari panggung ini   pansos lewat sound horeg yang banyak penggemarnya wkwk
@calonceo2007,"1 Kata buat sound Horeg 




































KAMPUNGAN "
@cakebot8198,Wah berita hoax ini..asal nomong wae..ngak pernah lihat langsung
@calonprogramer5106,Jowo jowo
@oziel46motovlog99,Joss sound horek.. Teruskan kalau bisa tambah 15 sub setiap karnaval
@AndreanHrds,Pansosss
@ekorattam88,"Datang,saksikan,nikmati baru ngreview bos katanya org jatim tp baca horeg ae horek"
@brugmusic4411,"Sound horeg karnaval itu disewa sedesa per rt mereka disewa dan ada panitia. Yg dilewati itu rumh desa penyewa, klo ada kerusakan di ganti klo ada kerusahan ada fasilitas umum mau dibongkar itu di musyawarhakan baru bongkar nanti di ganti oleh panitia dan kegiatan sound ada ijin""nya. Justru yg protes yg ga nyewa yg ga dilewati cuman liat vidio pas lg ngrusak terus nilai."
@miftakulanwar6845,"Ealah recation vidio ta tk pikir terjun nang lokasi,,, "
@gratisan7707,Mending nonton langsung di malang atau daerah lain bang biar tau
@bolopusat-v3d,"lu udah pernah nonton langsung belum bang,kalo belum nonton mending gak usah ikut ngereviuw lah,,kocakkkkk"
@m.novallm.novall22,Baru....anjay itu sejak 2018 cuy
@jarvisspecta8488,Rusak sih
@oziel46motovlog99,"Keluar rumah dari mana.. Kita patungan untuk menyewa bro.. 
Joss sound horek"
@YTgaming.303,First
@m.novallm.novall22,Sadbor gak lo reaction
@alymukson1632,Miris klo g tau son horegg diyem ajh bangg mkn y datang ke malnggg
@AUBERT.DAUBERT.SENGKOEN,Second
@arekmalangselatan1210,Namanya juga Penghuni Planet mars mana tau tentang sound Horeg Lucu Sdm tinggi ini 
@sabantorik4634,Bro mukalo KOTAK 
@AdiKampungrojo,Sound horeg itu yg gk suka itu orang yg gk tau orang luar daerah ..
@RajoLangit-v9d,"Kalau bicara yang real..
Jangan hanya bisa ngomong dari media..
Sini ketemu aku
Biar aku jelaskan
Jangan di balik layar ajaa looo"
@anangbalindra7252,"Sok tau Orang ini
Bikin konten ngaji aja mas biar dapat pahala
Dari pada bikin konten tentang sound horeg
Sedangkan anda sendiri tidak tau fakta nya dilapangan"
@antoklistanto7416,Jakarta juga ikut Jawa bang.
@Kenthuschannel87,Coba buktikan langsung dong jangan cuma tau dari sosmed doang berani apa tidak? Trus tanya langsung warga setempat jangan cuma tau dari google doang
@rezai-bg5vo,Bang kalau mau tau datang  langsung aja ke Jawa timur
@karnokmuhamad4752,Biasa sipaling sdm tinggi
@user-mtmusik,Sini bos aku ajak ngopi bareng subscriber jutaan kalo gak maen langsung kelokasi gak asik bos ntar aku ceritain sampe detail dan aku ajak langsung ngeliat sendiri ke tempat nya jangan ngeliat di video aja
@laskarselatan6710,"orang jakarta itu orang yg gimana boss,,argumenya yg jls,,,,elu hostnya pun china,,,,
Kyak hobi elu paling wah aja...."
@rickyciko,"Bacanya bukan horek mas, tapi horeg."
@AlfianNn-z7p,Los
@ardestacommunity7831,"jangan asal ngonten turun dulu ke lapangan seperti dot co channel. 
malam tahun baru karnaval di ngantang malang jatim. 
jadi gak usah ngebacot."
@masq-x7c,ORANG MANA LU?
@danangfebrianto1519,Itu povmu bang.
@jokoaqila4467,Kampungan gak tau sound horeg
@arjunafarm6563,Konten isinya katanya katanya doang 
@EzaAlvaruq,ùêÖùêÆùêúùê§
